year,block,treatment,species,sample.id,d13C,C.ug,d15N,N.ug,sample.mg
2017,14,A,ASSU,2017-ASSU-14A,-28.67,2482.5,1.8,128.68,5.822
2017,14,B,ASSU,2017-ASSU-14B,-30.39,1409.26,-0.83,75.12,3.347
2017,14,C,ASSU,2017-ASSU-14C,-27.59,1802.52,-1.51,69.22,4.236
2017,14,D,ASSU,2017-ASSU-14D,-28.08,2003.61,-1.63,99.63,4.771
2017,7,A,ASSU,2017-ASSU-7A,-27.33,1307.03,-0.2,68.56,2.92
2017,7,B,ASSU,2017-ASSU-7B,-27.54,907.21,-1.82,43.91,2.021
2017,7,C,ASSU,2017-ASSU-7C,-26.59,1822.75,-0.52,109.95,4.149
2017,7,D,ASSU,2017-ASSU-7D,-27.65,1194.61,-1.17,63.46,2.673
2017,21,A,ASSU,2017-ASSU-21A,-28.57,2009.2,3.48,136.04,4.617
2017,21,B,ASSU,2017-ASSU-21B,-29.13,904.81,-0.8,69.34,2.075
2017,21,C,ASSU,2017-ASSU-21C,-29.12,1581.22,-0.72,97.6,3.622
2017,21,D,ASSU,2017-ASSU-21D,-30.73,1428.32,0.1,100.1,3.361
2017,17,A,ASSU,2017-ASSU-17A,-28.5,1485.62,1.72,103.16,3.384
2017,17,B,ASSU,2017-ASSU-17B,-29.06,1316.75,-1.56,64.67,2.985
2017,17,C,ASSU,2017-ASSU-17C,-28.2,1480.2,-0.77,90.54,3.354
2017,17,D,ASSU,2017-ASSU-17D,-27.69,1345.21,-1.87,67.02,3.091
2017,10,A,ASSU,2017-ASSU-10A,-30.5,1554.29,-2.23,65.82,3.589
2017,10,B,ASSU,2017-ASSU-10B,-30.93,1088.79,-2.74,58.81,2.515
2017,10,C,ASSU,2017-ASSU-10C,-29.93,1437.57,-0.41,93.87,3.287
2017,10,D,ASSU,2017-ASSU-10D,-30.13,1205.73,-3.62,41.96,2.75
2017,3,A,ASSU,2017-ASSU-3A,-27.45,1144.62,-1.11,75.64,2.645
2017,3,B,ASSU,2017-ASSU-3B,-29.12,1072.2,-0.97,61.77,2.448
2017,3,C,ASSU,2017-ASSU-3C,-30.27,1729.77,-0.33,71.66,3.957
2017,3,D,ASSU,2017-ASSU-3D,-28.75,1892.92,-1.57,107.66,4.236
2017,2,A,ASSU,2017-ASSU-2A,-28.34,847.73,-0.89,53.12,1.908
2017,2,B,ASSU,2017-ASSU-2B,-28.37,1125.4,-1.08,73.19,2.524
2017,2,C,ASSU,2017-ASSU-2C,-28.61,1580.49,1.97,93.23,3.599
2017,2,D,ASSU,2017-ASSU-2D,-28.61,1465.37,-0.64,86.09,3.339
2017,9,A,ASSU,2017-ASSU-9A,-28.52,1198.01,-0.99,54.92,2.823
2017,9,B,ASSU,2017-ASSU-9B,-26.78,2050.06,-0.92,91.93,4.712
2017,9,C,ASSU,2017-ASSU-9C,-28.68,1121.49,2.23,63.63,2.598
2017,9,D,ASSU,2017-ASSU-9D,-27.87,988.49,-1.1,39.17,2.257
2017,25,A,ASSU,2017-ASSU-25A,-29.35,1197.67,-2.6,74.9,2.932
2017,25,B,ASSU,2017-ASSU-25B,-28.05,1849.31,-1.83,80.19,4.302
2017,25,C,ASSU,2017-ASSU-25C,-26.37,1928.98,-0.13,128.32,4.45
2017,25,D,ASSU,2017-ASSU-25D,-28.39,1413.52,-0.58,74.48,3.274
2017,15,A,ASSU,2017-ASSU-15A,-28.57,1760.12,1.24,103.92,4.141
2017,15,B,ASSU,2017-ASSU-15B,-28.36,1216.14,-0.71,60.75,2.862
2017,15,C,ASSU,2017-ASSU-15C,-29.02,1874.24,0.42,77.42,4.46
2017,15,D,ASSU,2017-ASSU-15D,-28.49,1766.78,0.2,89.28,4.154
2017,23,A,ACMI,2017-ACMI-23A,-30.13,1612.5,-0.25,59.98,3.736
2017,23,B,ACMI,2017-ACMI-23B,-30.01,1386.27,-0.34,56.32,3.257
2017,23,C,ACMI,2017-ACMI-23C,-28.68,1883.39,0.51,84.28,4.555
2017,23,D,ACMI,2017-ACMI-23D,-30.64,1330.59,-1.3,42.36,3.096
2017,21,A,ACMI,2017-ACMI-21A,-29.95,1655.92,1.58,96.23,3.828
2017,21,B,ACMI,2017-ACMI-21B,-29.57,1278.73,-0.82,48.13,3.01
2017,21,C,ACMI,2017-ACMI-21C,-30.71,1351.58,0.56,81.98,3.251
2017,21,D,ACMI,2017-ACMI-21D,-31.16,1267.42,-0.95,66.83,2.996
2017,20,A,ACMI,2017-ACMI-20A,-30.87,1567.93,-0.07,72.82,3.606
2017,20,B,ACMI,2017-ACMI-20B,-29.44,1364.47,-2.9,66.99,3.195
2017,20,C,ACMI,2017-ACMI-20C,-30.29,1816.05,1.97,79.01,4.451
2017,20,D,ACMI,2017-ACMI-20D,-31.5,1501.64,-1.2,56.09,3.516
2017,24,A,ACMI,2017-ACMI-24A,-30.6,2025.83,3.63,92.96,4.902
2017,24,B,ACMI,2017-ACMI-24B,-30.65,1284.65,-1.71,57.18,3.034
2017,24,C,ACMI,2017-ACMI-24C,-31.26,1530.7,0.7,79.81,3.619
2017,24,D,ACMI,2017-ACMI-24D,-30.2,1828.54,-1.52,83.82,4.397
2017,19,A,ACMI,2017-ACMI-19A,-31.57,2050.64,1.26,102.43,4.747
2017,19,B,ACMI,2017-ACMI-19B,-30.84,1918.99,0.01,86.6,4.408
2017,19,C,ACMI,2017-ACMI-19C,-31.27,1326.88,1.93,78.96,3.148
2017,19,D,ACMI,2017-ACMI-19D,-29.23,1807.34,-0.32,115.47,4.251
2017,16,A,ACMI,2017-ACMI-16A,-29.88,1836.81,-1.47,80.64,4.464
2017,16,B,ACMI,2017-ACMI-16B,-29.65,1876.5,-2.55,102.07,4.429
2017,16,C,ACMI,2017-ACMI-16C,-30.68,2005.08,1.59,93.28,4.706
2017,16,D,ACMI,2017-ACMI-16D,-29.47,1807.18,-2.63,93.5,4.159
2017,5,A,ACMI,2017-ACMI-5A,-30.32,1028.75,-0.75,74.56,2.384
2017,5,B,ACMI,2017-ACMI-5B,-30.14,1684.9,1.75,92.92,4.067
2017,5,C,ACMI,2017-ACMI-5C,-30.61,1296.99,1.96,75.69,3.123
2017,5,D,ACMI,2017-ACMI-5D,-30.15,1110.89,1.92,50.5,2.611
2017,18,A,ACMI,2017-ACMI-18A,-31.2,2023.72,2.18,95.47,4.702
2017,18,B,ACMI,2017-ACMI-18B,-30.83,1768.67,-0.71,92.93,4.225
2017,18,C,ACMI,2017-ACMI-18C,-31.4,1025.96,1.99,60.27,2.494
2017,18,D,ACMI,2017-ACMI-18D,-30.6,1306.1,0.13,79.87,3.122
2017,6,A,ACMI,2017-ACMI-6A,-30.09,1454.46,-1.15,57.29,3.346
2017,6,B,ACMI,2017-ACMI-6B,-30.13,2019.4,-2.19,108.52,4.711
2017,6,C,ACMI,2017-ACMI-6C,-30.26,1148.54,-1.02,60.99,2.657
2017,6,D,ACMI,2017-ACMI-6D,-29.71,1481.35,-2.44,73.88,3.464
2017,7,A,ACMI,2017-ACMI-7A,-31.39,1063.33,-0.09,48.74,2.495
2017,7,B,ACMI,2017-ACMI-7B,-32.02,1210.64,-2.2,59.04,2.732
2017,7,C,ACMI,2017-ACMI-7C,-31.68,1421.62,-0.89,82.03,3.335
2017,7,D,ACMI,2017-ACMI-7D,-32.16,1198.58,-0.67,56.72,2.732
2019,16,B,CAMI,19-CAMI16B,-29.04,1763.43,-2.04,83.42,4.631
2019,16,C,CAMI,19-CAMI16C,-27.48,1540.45,1.72,106.11,4.056
2019,5,B,CAMI,19-CAMI5B,-28.37,1788.37,-1.18,110.76,4.454
2019,6,A,CAMI,19-CAMI6A,-28.70,1833.78,-3.04,97.47,4.445
2019,16,D,CAMI,19-CAMI16D,-25.94,1783.22,0.45,110.25,4.186
2019,25,A,CAMI,19-CAMI25A,-28.99,1684.98,-5.08,73.47,4.264
2019,1,D,CAMI,19-CAMI1D,-27.02,1769.17,-2.03,82.43,4.286
2019,23,D,CAMI,19-CAMI23D,-29.82,1911.48,-1.54,108.95,4.245
2019,16,A,CAMI,19-CAMI16A,-28.11,1749.92,0.49,125.78,4.381
2019,6,C,CAMI,19-CAMI6C,-29.68,1844.60,0.37,132.32,4.557
2019,15,C,CAMI,19-CAMI15C,-29.56,1857.39,-0.59,83.49,4.521
2019,25,C,CAMI,19-CAMI25C,-28.11,1680.63,-0.93,75.07,4.261
2019,14,C,CAMI,19-CAMI14C,-29.87,1724.86,-3.55,87.03,4.387
2019,5,A,CAMI,19-CAMI5A,-29.66,1642.30,-1.04,74.32,4.399
2019,20,C,CAMI,19-CAMI20C,-29.10,1595.90,1.41,112.64,4.292
2019,15,A,CAMI,19-CAMI15A,-28.28,1805.82,-1.94,118.32,4.567
2019,15,B,CAMI,19-CAMI15B,-27.39,1745.60,-1.84,83.11,4.351
2019,19,D,CAMI,19-CAMI19D,-29.66,1886.60,-0.14,102.97,4.506
2019,14,A,CAMI,19-CAMI14A,-30.37,1937.42,-0.49,90.41,4.592
2019,12,C,CAMI,19-CAMI12C,-26.39,1779.20,1.18,98.53,4.502
2019,12,A,CAMI,19-CAMI12A,-27.89,1624.53,-2.92,94.09,4.339
2019,12,D,CAMI,19-CAMI12D,-28.80,1546.04,-1.84,106.93,4.009
2019,25,D,CAMI,19-CAMI25D,-29.91,1838.34,-1.40,102.49,4.587
2019,14,D,CAMI,19-CAMI14D,-30.04,1734.66,-2.91,88.53,4.493
2019,14,B,CAMI,19-CAMI14B,-28.23,1625.40,-2.50,82.84,4.211
2019,25,B,CAMI,19-CAMI25B,-30.17,1706.39,-4.42,103.42,4.248
2019,15,D,CAMI,19-CAMI15D,-28.27,1829.79,-2.34,115.58,4.601
2019,20,B,CAMI,19-CAMI20B,-28.57,1655.67,-1.18,99.69,4.385
2019,6,D,CAMI,19-CAMI6D,-28.47,1830.93,-1.63,86.72,4.589
2019,17,C,POAN,19-POAN17C,-29.45,1790.66,1.77,57.98,4.062
2019,17,D,POAN,19-POAN17D,-29.75,2031.18,-0.46,64.17,4.544
2019,17,B,POAN,19-POAN17B,-28.53,2002.46,-2.25,65.40,4.518
2019,2,B,POAN,19-POAN2B,-27.91,1996.32,0.59,65.02,4.457
2019,7,C,POAN,19-POAN7C,-28.98,1806.39,1.27,76.40,3.932
2019,9,D,POAN,19-POAN9D,-28.92,1937.98,-1.71,93.07,4.333
2019,7,A,POAN,19-POAN7A,-29.11,2075.32,-0.44,103.31,4.491
2019,2,C,POAN,19-POAN2C,-28.61,1822.66,3.36,81.00,4.031
2019,2,A,POAN,19-POAN2A,-27.88,2096.34,0.00,83.66,4.595
2019,7,B,POAN,19-POAN7B,-28.12,1861.37,-1.16,89.90,3.968
2019,7,D,POAN,19-POAN7D,-28.61,1983.45,-1.37,85.33,4.287
2019,20,C,POAN,19-POAN20C,-28.64,1910.35,1.19,97.13,4.188
2019,19,B,POAN,19-POAN19B,-28.92,2121.43,0.79,101.98,4.636
2019,21,C,POAN,19-POAN21C,-28.37,2065.90,2.61,105.02,4.531
2019,24,C,POAN,19-POAN24C,-29.76,1890.85,2.11,105.91,4.109
2019,25,D,POAN,19-POAN25D,-29.07,2022.27,0.57,82.09,4.276
2019,21,B,POAN,19-POAN21B,-28.52,2049.26,-0.66,98.40,4.481
2019,4,C,POAN,19-POAN4C,-28.70,1901.03,1.67,87.37,4.135
2019,4,D,POAN,19-POAN4D,-29.18,1931.79,-2.44,70.78,4.254
2019,4,A,POAN,19-POAN4A,-28.30,2106.55,-1.15,119.38,4.581
2019,5,C,POAN,19-POAN5C,-28.28,2078.64,1.54,91.50,4.529
2019,5,A,POAN,19-POAN5A,-28.00,2055.36,0.58,110.18,4.459
2019,1,C,POAN,19-POAN1C,-28.97,2040.36,0.84,77.59,4.588
2019,8,B,POAN,19-POAN8B,-28.94,2003.30,-3.09,80.38,4.491
2019,4,B,POAN,19-POAN4B,-27.55,2107.10,-0.78,90.03,4.649
2019,3,C,POAN,19-POAN3C,-28.30,1927.00,1.34,108.57,4.287
2019,3,A,POAN,19-POAN3A,-28.44,2028.12,1.30,81.13,4.504
2019,3,D,POAN,19-POAN3D,-29.26,2100.75,-1.05,81.92,4.525
2019,5,D,POAN,19-POAN5D,-27.32,2069.51,-1.28,91.71,4.473
2019,5,B,POAN,19-POAN5B,-27.60,2190.51,0.01,111.04,4.614
2019,11,B,POAN,19-POAN11B,-30.02,2087.77,-2.61,67.30,4.627
2019,1,A,POAN,19-POAN1A,-28.48,2014.74,0.76,83.62,4.447
2019,3,B,POAN,19-POAN3B,-28.52,1906.68,-1.01,69.42,4.165
2019,14,D,POAN,19-POAN14D,-29.16,1894.25,-1.99,67.24,4.182
2019,23,B,POAN,19-POAN23B,-28.58,2094.40,-0.15,96.24,4.62
2019,6,D,POAN,19-POAN6D,-28.39,1950.92,-1.28,79.12,4.335
2019,16,A,POAN,19-POAN16A,-28.85,2058.14,4.02,70.74,4.513
2019,22,A,POAN,19-POAN22A,-28.51,2155.22,1.48,127.35,4.629
2019,22,C,POAN,19-POAN22C,-28.16,2069.51,0.93,116.95,4.506
2019,16,C,POAN,19-POAN16C,-30.26,2031.74,-1.27,100.51,4.613
2019,6,C,POAN,19-POAN6C,-27.67,2054.81,2.58,94.74,4.597
2019,23,A,POAN,19-POAN23A,-27.97,2012.23,-0.23,83.89,4.437
2019,10,C,POAN,19-POAN10C,-29.59,1981.77,0.19,72.14,4.496
2019,16,D,POAN,19-POAN16D,-28.34,1918.54,-0.65,59.75,4.187
2019,22,B,POAN,19-POAN22B,-28.24,1893.11,0.67,41.54,4.218
2019,20,D,POAN,19-POAN20D,-28.83,2031.46,0.45,94.09,4.558
2019,22,D,POAN,19-POAN22D,-28.41,2012.51,0.87,90.99,4.449
2019,23,C,POAN,19-POAN23C,-27.44,1987.09,2.03,86.35,4.321
2019,6,A,POAN,19-POAN6A,-28.67,1885.75,0.45,78.85,4.215
2019,11,A,POAN,19-POAN11A,-28.82,1949.23,1.06,67.61,4.386
2019,19,A,POAN,19-POAN19A,-28.88,2042.31,3.68,85.36,4.593
2019,18,A,POAN,19-POAN18A,-29.33,2100.48,1.71,69.01,4.633
2019,18,B,POAN,19-POAN18B,-29.48,2015.30,1.61,90.00,4.452
2019,15,C,POAN,19-POAN15C,-28.69,2111.51,1.66,101.88,4.631
2019,15,A,POAN,19-POAN15A,-27.33,2062.85,3.57,103.42,4.522
2019,15,D,POAN,19-POAN15D,-27.55,2145.35,-0.64,107.21,4.608
2019,13,A,POAN,19-POAN13A,-27.97,1903.29,-0.90,103.93,4.118
2019,13,B,POAN,19-POAN13B,-28.63,1997.99,-0.44,64.28,4.351
2019,13,D,POAN,19-POAN13D,-28.62,1951.20,-0.45,75.20,4.27
2019,12,B,POAN,19-POAN12B,-28.38,2136.01,0.22,78.71,4.585
2019,12,D,POAN,19-POAN12D,-27.93,2084.76,-0.52,92.55,4.494
2019,15,B,POAN,19-POAN15B,-28.84,2074.32,-0.62,87.35,4.592
2019,13,C,POAN,19-POAN13C,-28.75,2084.48,0.16,96.71,4.59
2019,14,B,POAN,19-POAN14B,-28.87,2088.99,-0.88,84.83,4.615
2019,24,A,POAN,19-POAN24A,-31.00,1992.97,1.82,86.84,4.513
2019,25,B,POAN,19-POAN25B,-29.82,2060.47,-1.89,91.02,4.476
2019,24,B,POAN,19-POAN24B,-30.34,1852.34,0.77,65.68,4.089
2019,18,D,POAN,19-POAN18D,-28.70,1798.31,-0.10,74.28,4.034
2019,20,B,POAN,19-POAN20B,-28.46,1888.60,-0.17,95.58,4.376
2019,6,B,POAN,19-POAN6B,-28.23,1949.34,-1.16,94.84,4.499
2019,24,D,POAN,19-POAN24D,-29.67,1775.98,0.67,68.62,3.909
2019,2,D,POAN,19-POAN2D,-27.33,2055.38,0.19,51.05,4.609
2019,9,A,POAN,19-POAN9A,-28.88,1857.53,-1.89,77.84,4.233
2019,9,B,POAN,19-POAN9B,-28.87,1998.09,-1.77,89.83,4.515
2019,9,C,POAN,19-POAN9C,-29.33,2014.85,1.07,98.24,4.597
2019,12,C,POAN,19-POAN12C,-28.18,2010.02,2.31,91.23,4.473
2019,17,A,POAN,19-POAN17A,-29.23,1991.54,2.44,73.77,4.575
2019,21,D,POAN,19-POAN21D,-28.66,1919.59,1.55,64.56,4.364
2019,21,A,POAN,19-POAN21A,-29.40,1791.35,2.72,74.89,4.035
2019,18,C,POAN,19-POAN18C,-30.34,1998.09,1.11,90.68,4.63
2019,14,A,POAN,19-POAN14A,-29.19,1914.72,2.22,67.74,4.356
2019,14,C,POAN,19-POAN14C,-29.11,1928.18,1.08,86.81,4.363
2019,12,A,POAN,19-POAN12A,-29.02,1973.31,1.77,73.50,4.412
2019,10,A,POAN,19-POAN10A,-29.53,1939.62,1.89,81.13,4.312
2019,8,C,POAN,19-POAN8C,-28.74,1999.79,0.10,96.91,4.509
2019,20,A,POAN,19-POAN20A,-27.76,1980.15,1.10,111.89,4.451
2019,1,B,POAN,19-POAN1B,-28.52,1969.89,-0.95,80.52,4.456
2019,8,D,POAN,19-POAN8D,-28.86,2041.79,-2.73,87.08,4.501
2019,11,D,POAN,19-POAN11D,-28.71,1966.76,-1.80,80.79,4.491
2019,25,A,POAN,19-POAN25A,-29.18,2084.76,2.24,89.83,4.498
2019,19,D,POAN,19-POAN19D,-29.31,1977.02,1.40,86.13,4.439
2019,1,D,POAN,19-POAN1D,-27.62,1809.31,-0.67,72.48,4.101
2019,8,A,POAN,19-POAN8A,-29.45,1790.77,-0.69,71.67,4.016
2019,11,C,POAN,19-POAN11C,-29.38,1749.54,-1.08,80.39,3.892
2019,16,B,POAN,19-POAN16B,-28.18,1887.17,-0.93,58.34,4.281
2019,10,B,POAN,19-POAN10B,-29.87,2063.02,-1.81,67.54,4.582
2019,23,D,POAN,19-POAN23D,-27.66,2051.14,-0.78,117.33,4.483
2019,25,C,POAN,19-POAN25C,-29.06,2089.27,1.19,98.58,4.633
2019,10,D,POAN,19-POAN10D,-29.73,2094.63,-1.46,72.89,4.591
2019,24,B,ASSU,19-ASSU24B,-29.11,1987.27,-0.93,89.80,4.501
2019,20,D,ASSU,19-ASSU20D,-27.47,2036.69,0.11,97.49,4.597
2019,17,A,ASSU,19-ASSU17A,-31.10,2059.62,5.95,120.31,4.646
2019,24,A,ASSU,19-ASSU24A,-28.42,1705.81,6.89,72.08,3.845
2019,25,B,ASSU,19-ASSU25B,-28.99,1732.36,-1.94,86.91,3.941
2019,16,A,ASSU,19-ASSU16A,-27.95,1760.59,0.66,85.68,3.991
2019,25,A,ASSU,19-ASSU25A,-28.43,1779.17,0.54,115.89,4.047
2019,21,A,ASSU,19-ASSU21A,-29.34,2014.00,0.82,112.54,4.489
2019,24,C,ASSU,19-ASSU24C,-29.44,1920.16,6.35,86.33,4.304
2019,17,C,ASSU,19-ASSU17C,-29.51,1963.90,0.97,84.26,4.437
2019,25,C,ASSU,19-ASSU25C,-28.22,1931.61,-0.20,104.55,4.312
2019,16,B,ASSU,19-ASSU16B,-28.04,1917.58,-0.72,102.98,4.43
2019,22,A,ASSU,19-ASSU22A,-30.55,2039.53,5.88,90.99,4.616
2019,22,D,ASSU,19-ASSU22D,-30.22,1994.10,1.27,95.79,4.585
2019,21,D,ASSU,19-ASSU21D,-29.27,2019.40,1.89,92.66,4.598
2019,25,D,ASSU,19-ASSU25D,-28.25,2014.00,0.90,89.63,4.644
2019,1,D,ASSU,19-ASSU1D,-28.46,1961.91,0.18,104.18,4.481
2019,24,D,ASSU,19-ASSU24D,-27.36,1910.42,-0.46,74.08,4.269
2019,17,B,ASSU,19-ASSU17B,-28.79,1898.37,-2.55,90.89,4.371
2019,3,D,ASSU,19-ASSU3D,-28.75,2064.71,-1.76,95.21,4.614
2019,3,C,ASSU,19-ASSU3C,-29.42,1754.77,0.01,83.00,4.035
2019,2,B,ASSU,19-ASSU2B,-27.85,1575.97,-0.31,89.59,3.492
2019,2,C,ASSU,19-ASSU2C,-27.71,1787.87,3.22,102.78,4.106
2019,4,B,ASSU,19-ASSU4B,-29.21,1774.82,-2.85,94.19,4.013
2019,23,B,ASSU,19-ASSU23B,-26.86,2024.50,0.80,121.10,4.641
2019,20,C,ASSU,19-ASSU20C,-26.62,1920.73,0.45,93.51,4.275
2019,22,B,ASSU,19-ASSU22B,-29.76,1927.32,-0.15,71.33,4.277
2019,23,C,ASSU,19-ASSU23C,-27.75,1848.31,-0.34,96.13,4.169
2019,23,D,ASSU,19-ASSU23D,-27.77,1922.45,0.49,95.55,4.491
2019,23,A,ASSU,19-ASSU23A,-27.49,1773.66,-0.35,102.67,4.085
2019,20,B,ASSU,19-ASSU20B,-27.86,1866.46,-0.94,83.51,4.246
2019,17,D,ASSU,19-ASSU17D,-30.10,1744.30,-1.92,67.95,3.995
2019,20,A,ASSU,19-ASSU20A,-29.14,1948.77,1.36,106.97,4.562
2019,4,C,ASSU,19-ASSU4C,-29.49,1893.20,0.83,100.32,4.337
2019,4,A,ASSU,19-ASSU4A,-30.35,1732.94,-0.32,89.32,4.049
2019,2,A,ASSU,19-ASSU2A,-27.54,1903.82,4.13,113.09,4.388
2019,1,C,ASSU,19-ASSU1C,-29.22,1792.97,1.24,98.86,4.18
2019,4,D,ASSU,19-ASSU4D,-28.36,1853.77,-2.43,107.93,4.341
2019,2,D,ASSU,19-ASSU2D,-27.59,1920.48,-1.82,96.20,4.441
2019,11,D,ASSU,19-ASSU11D,-28.03,1811.07,-2.53,88.77,4.218
2019,11,C,ASSU,19-ASSU11C,-28.34,1852.05,-1.84,80.64,4.156
2019,14,B,ASSU,19-ASSU14B,-28.50,1983.10,-0.74,100.03,4.498
2019,11,A,ASSU,19-ASSU11A,-30.60,1926.16,-3.83,69.21,4.331
2019,10,D,ASSU,19-ASSU10D,-30.64,1851.48,-2.76,88.08,4.077
2019,14,D,ASSU,19-ASSU14D,-27.92,2009.90,-0.98,100.00,4.527
2019,11,B,ASSU,19-ASSU11B,-31.09,2066.66,-2.52,91.19,4.628
2019,14,C,ASSU,19-ASSU14C,-29.01,2098.28,-0.44,110.48,4.605
2019,15,C,ASSU,19-ASSU15C,-28.14,1960.75,-0.11,101.00,4.409
2019,14,A,ASSU,19-ASSU14A,-29.38,1952.82,0.54,67.30,4.419
2019,15,B,ASSU,19-ASSU15B,-27.73,1866.06,1.00,110.07,4.419
2019,19,A,ASSU,19-ASSU19A,-29.24,1877.48,5.02,83.48,4.277
2019,19,D,ASSU,19-ASSU19D,-29.24,2029.61,0.99,79.64,4.555
2019,18,A,ASSU,19-ASSU18A,-28.94,2024.26,1.90,105.21,4.637
2019,15,D,ASSU,19-ASSU15D,-29.40,1858.34,0.64,93.95,4.388
2019,18,B,ASSU,19-ASSU18B,-28.81,1881.76,-0.57,95.16,4.222
2019,16,D,ASSU,19-ASSU16D,-26.36,2003.70,0.70,103.27,4.626
2019,16,C,ASSU,19-ASSU16C,-28.19,1792.39,1.85,118.16,4.029
2019,18,D,ASSU,19-ASSU18D,-29.43,1934.11,-0.28,103.14,4.387
2019,18,C,ASSU,19-ASSU18C,-29.20,1965.85,1.96,115.54,4.426
2019,15,A,ASSU,19-ASSU15A,-29.35,1930.13,0.19,103.48,4.493
2019,22,C,ASSU,19-ASSU22C,-29.11,1878.05,3.00,95.09,4.278
2019,21,C,ASSU,19-ASSU21C,-29.73,1784.63,3.59,93.78,4.158
2019,19,C,ASSU,19-ASSU19C,-31.14,1933.54,4.48,88.84,4.575
2019,19,B,ASSU,19-ASSU19B,-30.98,1899.43,1.23,77.45,4.462
2019,21,B,ASSU,19-ASSU21B,-30.04,1859.77,0.08,96.61,4.378
2019,10,C,ASSU,19-ASSU10C,-29.64,1605.89,-0.02,89.18,3.712
2019,12,A,ASSU,19-ASSU12A,-27.38,1862.63,-2.24,86.56,4.151
2019,8,A,ASSU,19-ASSU8A,-29.89,1709.54,-2.64,71.01,3.972
2019,9,D,ASSU,19-ASSU9D,-27.96,1983.94,-2.24,107.34,4.549
2019,8,B,ASSU,19-ASSU8B,-29.08,1737.03,-2.70,81.09,4.022
2019,9,C,ASSU,19-ASSU9C,-28.07,1969.53,2.89,99.44,4.394
2019,9,B,ASSU,19-ASSU9B,-27.13,1807.05,-2.05,85.21,4.217
2019,7,C,ASSU,19-ASSU7C,-30.10,1973.20,1.30,142.75,4.56
2019,10,B,ASSU,19-ASSU10B,-30.02,1946.87,-2.84,85.24,4.409
2019,7,B,ASSU,19-ASSU7B,-27.90,2014.69,-3.20,100.51,4.548
2019,8,D,ASSU,19-ASSU8D,-28.71,1996.93,-2.48,101.27,4.637
2019,3,A,ASSU,19-ASSU3A,-29.87,1915.36,-1.21,82.44,4.341
2019,10,A,ASSU,19-ASSU10A,-29.48,1956.51,0.02,99.62,4.553
2019,7,D,ASSU,19-ASSU7D,-27.49,1921.61,-2.39,91.95,4.324
2019,9,A,ASSU,19-ASSU9A,-27.63,1961.89,-0.94,101.79,4.514
2019,8,C,ASSU,19-ASSU8C,-28.99,1866.91,-1.35,91.09,4.247
2019,6,A,ASSU,19-ASSU6A,-29.24,1962.74,-0.85,100.13,4.552
2019,6,B,ASSU,19-ASSU6B,-28.98,1766.48,-1.02,95.06,4.239
2019,6,C,ASSU,19-ASSU6C,-28.66,1873.48,0.35,102.86,4.636
2019,6,D,ASSU,19-ASSU6D,-29.06,1487.68,-0.98,85.59,3.408
2019,7,A,ASSU,19-ASSU7A,-27.70,1910.24,-0.39,103.20,4.316
2019,2,D,ACMI,19-ACMI2D,-29.62,1726.33,-1.83,76.35,3.873
2019,6,B,ACMI,19-ACMI6B,-31.03,2052.64,-2.26,109.58,4.551
2019,17,B,ACMI,19-ACMI17B,-31.37,1893.44,-2.51,83.48,4.348
2019,1,A,ACMI,19-ACMI1A,-29.27,1996.65,1.42,118.30,4.63
2019,16,C,ACMI,19-ACMI16C,-31.16,1893.73,2.71,108.58,4.145
2019,12,D,ACMI,19-ACMI12D,-29.64,1544.58,-2.42,74.82,3.399
2019,11,C,ACMI,19-ACMI11C,-31.19,1752.34,1.58,59.52,4.045
2019,13,D,ACMI,19-ACMI13D,-30.75,1997.21,-0.44,127.48,4.498
2019,15,B,ACMI,19-ACMI15B,-28.23,1849.76,-0.96,87.14,4.267
2019,13,C,ACMI,19-ACMI13C,-29.48,1693.01,-0.22,113.58,3.954
2019,15,A,ACMI,19-ACMI15A,-29.41,1631.01,3.72,88.67,3.694
2019,20,D,ACMI,19-ACMI20D,-30.25,1838.31,-1.17,83.13,4.042
2019,22,D,ACMI,19-ACMI22D,-31.31,1666.85,-1.05,80.67,3.844
2019,21,A,ACMI,19-ACMI21A,-30.69,1909.10,3.60,103.69,4.398
2019,25,A,ACMI,19-ACMI25A,-30.80,1989.03,1.10,90.19,4.519
2019,20,B,ACMI,19-ACMI20B,-30.68,1887.17,-2.24,98.51,4.175
2019,19,C,ACMI,19-ACMI19C,-30.41,1947.16,5.60,111.41,4.268
2019,25,B,ACMI,19-ACMI25B,-30.61,1751.77,-0.40,56.05,4.072
2019,20,C,ACMI,19-ACMI20C,-30.91,1974.62,4.75,70.97,4.526
2019,17,C,ACMI,19-ACMI17C,-31.77,1982.81,0.58,82.40,4.51
2019,22,A,ACMI,19-ACMI22A,-30.69,2047.59,2.85,113.17,4.544
2019,21,D,ACMI,19-ACMI21D,-31.37,1873.77,0.26,87.39,4.175
2019,19,A,ACMI,19-ACMI19A,-30.23,2042.82,5.21,126.72,4.648
2019,19,B,ACMI,19-ACMI19B,-31.38,1845.18,-0.62,108.34,4.143
2019,18,D,ACMI,19-ACMI18D,-31.05,1809.27,0.78,80.33,4.033
2019,16,D,ACMI,19-ACMI16D,-28.64,1708.13,-1.01,105.57,3.847
2019,9,A,ACMI,19-ACMI9A,-30.40,1774.13,-1.17,83.58,4.179
2019,9,B,ACMI,19-ACMI9B,-31.94,1984.30,-1.77,114.46,4.548
2019,18,C,ACMI,19-ACMI18C,-30.48,1861.75,4.46,87.86,4.195
2019,15,D,ACMI,19-ACMI15D,-31.03,2009.85,0.02,123.19,4.608
2019,7,A,ACMI,19-ACMI7A,-30.19,1947.46,-0.35,134.78,4.485
2019,15,C,ACMI,19-ACMI15C,-30.06,1731.03,2.68,83.09,4.12
2019,13,A,ACMI,19-ACMI13A,-29.91,1807.70,-1.12,109.63,4.243
2019,14,A,ACMI,19-ACMI14A,-30.66,1607.83,1.03,86.26,3.618
2019,8,C,ACMI,19-ACMI8C,-31.15,1964.91,-2.13,82.60,4.533
2019,8,A,ACMI,19-ACMI8A,-29.51,1891.87,2.48,129.87,4.532
2019,18,B,ACMI,19-ACMI18B,-30.30,1846.48,-0.09,83.44,4.25
2019,19,D,ACMI,19-ACMI19D,-29.66,1906.22,-0.40,80.43,4.503
2019,2,A,ACMI,19-ACMI2A,-30.31,1605.38,-0.92,82.11,3.73
2019,7,B,ACMI,19-ACMI7B,-31.41,1893.93,-1.43,136.81,4.31
2019,9,D,ACMI,19-ACMI9D,-31.27,1927.14,-2.33,86.54,4.577
2019,2,B,ACMI,19-ACMI2B,-30.28,1796.98,-3.12,87.90,4.164
2019,7,D,ACMI,19-ACMI7D,-32.23,1768.07,-2.05,99.32,4.042
2019,12,C,ACMI,19-ACMI12C,-31.88,1667.12,0.76,100.38,3.876
2019,10,A,ACMI,19-ACMI10A,-32.48,1962.39,-1.58,136.34,4.636
2019,9,C,ACMI,19-ACMI9C,-30.44,1751.97,1.65,96.11,4.263
2019,8,D,ACMI,19-ACMI8D,-31.45,1852.96,-4.02,111.34,4.17
2019,10,B,ACMI,19-ACMI10B,-32.16,1679.76,-2.69,66.23,3.972
2019,18,A,ACMI,19-ACMI18A,-30.12,1893.16,1.96,98.94,4.525
2019,7,C,ACMI,19-ACMI7C,-30.03,1953.29,6.08,122.65,4.589
2019,24,B,ACMI,19-ACMI24B,-29.92,1925.62,-2.19,89.22,4.603
2019,24,D,ACMI,19-ACMI24D,-31.95,1586.55,-2.47,88.87,3.698
2019,11,D,ACMI,19-ACMI11D,-31.11,1971.97,-1.79,117.28,4.544
2019,8,B,ACMI,19-ACMI8B,-28.94,1965.67,-4.12,91.30,4.548
2019,10,C,ACMI,19-ACMI10C,-32.16,2000.85,-0.42,102.31,4.576
2019,10,D,ACMI,19-ACMI10D,-31.39,1795.67,-2.59,74.74,4.247
2019,25,C,ACMI,19-ACMI25C,-30.18,2007.36,0.28,103.89,4.593
2019,20,A,ACMI,19-ACMI20A,-30.72,1833.51,2.48,126.32,4.434
2019,24,A,ACMI,19-ACMI24A,-30.09,1881.85,7.69,103.17,4.431
2019,23,B,ACMI,19-ACMI23B,-29.43,1900.84,-0.79,94.21,4.528
2019,5,D,ACMI,19-ACMI5D,-30.92,1847.78,-0.38,95.21,4.383
2019,1,C,ACMI,19-ACMI1C,-29.92,1925.11,2.87,135.31,4.641
2019,17,A,ACMI,19-ACMI17A,-29.66,1923.58,3.85,89.11,4.42
2019,23,C,ACMI,19-ACMI23C,-29.20,1740.32,2.98,97.66,4.207
2019,4,B,ACMI,19-ACMI4B,-29.50,1618.99,-1.57,77.80,3.733
2019,16,A,ACMI,19-ACMI16A,-29.95,1872.33,-1.54,128.16,4.389
2019,5,C,ACMI,19-ACMI5C,-30.05,1827.27,3.86,82.18,4.458
2019,24,C,ACMI,19-ACMI24C,-31.01,1754.08,2.27,101.83,4.181
2019,16,B,ACMI,19-ACMI16B,-28.39,1810.84,-2.01,111.23,4.457
2019,4,D,ACMI,19-ACMI4D,-29.85,1514.11,-1.92,62.90,3.649
2019,23,A,ACMI,19-ACMI23A,-28.99,1533.21,1.67,103.06,3.785
2019,21,B,ACMI,19-ACMI21B,-29.40,1729.70,-0.81,76.96,4.208
2019,13,B,ACMI,19-ACMI13B,-29.47,1586.27,0.71,77.59,3.815
2019,6,C,ACMI,19-ACMI6C,-30.31,1673.04,3.45,115.58,4.176
2019,25,D,ACMI,19-ACMI25D,-30.03,1926.89,-0.93,93.90,4.551
2019,1,D,ACMI,19-ACMI1D,-28.00,1799.33,-1.11,116.50,4.3
2019,1,B,ACMI,19-ACMI1B,-28.63,1824.40,0.76,92.27,4.448
2019,21,C,ACMI,19-ACMI21C,-30.56,1671.97,5.10,77.10,3.924
2019,11,A,ACMI,19-ACMI11A,-31.23,1801.95,-1.02,57.70,4.495
2019,5,A,ACMI,19-ACMI5A,-30.23,1911.33,2.14,101.38,4.582
2019,6,A,ACMI,19-ACMI6A,-29.49,1782.02,0.46,117.18,4.432
2019,2,C,ACMI,19-ACMI2C,-30.16,1680.56,4.78,97.80,3.918
2019,23,D,ACMI,19-ACMI23D,-29.52,1649.33,-0.31,65.56,3.987
2019,3,C,ACMI,19-ACMI3C,-30.33,1714.53,2.23,115.62,3.933
2019,6,D,ACMI,19-ACMI6D,-31.40,1652.03,-2.22,83.61,3.824
2019,5,B,ACMI,19-ACMI5B,-28.83,1787.54,-0.47,84.59,4.446
2019,12,B,ACMI,19-ACMI12B,-29.50,1715.33,-1.00,105.94,3.905
2019,14,D,ACMI,19-ACMI14D,-30.59,1695.57,-3.28,107.72,3.963
2019,14,C,ACMI,19-ACMI14C,-30.95,1778.08,1.03,75.20,4.395
2019,14,B,ACMI,19-ACMI14B,-29.81,1799.33,-2.54,105.98,4.216
2017,1,D,CAMI,17-CAMI1D,-27.84,996.23,-1.26,41.66,2.505
2017,2,A,CAMI,17-CAMI2A,-28.72,1024.99,0.20,36.05,2.499
2017,2,B,CAMI,17-CAMI2B,-29.73,1106.50,0.97,42.62,2.6
2017,6,A,CAMI,17-CAMI6A,-28.22,1065.60,0.45,49.31,2.578
2017,6,C,CAMI,17-CAMI6C,-27.71,1077.57,0.69,52.62,2.757
2017,6,D,CAMI,17-CAMI6D,-28.13,1233.13,-1.78,35.82,3.025
2017,9,B,CAMI,17-CAMI9B,-30.42,956.63,-0.93,33.92,2.402
2017,10,A,CAMI,17-CAMI10A,-31.18,1106.20,-0.25,39.17,2.734
2017,11,C,CAMI,17-CAMI11C,-27.08,1027.40,-0.94,36.45,2.566
2017,12,A,CAMI,17-CAMI12A,-30.13,1027.70,1.72,33.76,2.976
2017,12,B,CAMI,17-CAMI12B,-27.39,1315.17,-0.77,58.37,3.498
2017,12,C,CAMI,17-CAMI12C,-28.63,1076.08,1.78,39.27,3.256
2017,12,D,CAMI,17-CAMI12D,-29.55,949.59,-0.33,37.02,2.723
2017,14,A,CAMI,17-CAMI14A,-27.72,1133.79,1.71,39.01,2.931
2017,14,B,CAMI,17-CAMI14B,-29.47,548.07,-1.63,19.20,1.375
2017,14,C,CAMI,17-CAMI14C,-27.32,1028.61,-1.00,24.49,2.562
2017,14,D,CAMI,17-CAMI14D,-29.96,712.47,-2.17,21.89,1.789
2017,15,A,CAMI,17-CAMI15A,-28.18,1100.55,1.06,47.29,3.029
2017,15,B,CAMI,17-CAMI15B,-28.47,1485.10,-0.11,40.63,3.837
2017,15,C,CAMI,17-CAMI15C,-30.70,831.45,2.09,31.63,2.159
2017,15,D,CAMI,17-CAMI15D,-28.91,1225.87,-0.48,38.51,3.26
2017,16,A,CAMI,17-CAMI16A,-27.66,1026.49,2.01,42.85,2.681
2017,16,B,CAMI,17-CAMI16B,-28.99,804.20,-0.39,28.27,2.102
2017,16,C,CAMI,17-CAMI16C,-28.71,823.63,2.11,29.78,2.128
2017,16,D,CAMI,17-CAMI16D,-27.02,1573.17,-2.20,55.49,3.983
2017,18,C,CAMI,17-CAMI18C,-30.47,1052.99,0.37,45.37,2.811
2017,19,B,CAMI,17-CAMI19B,-27.93,899.48,0.08,27.07,2.041
2017,20,A,CAMI,17-CAMI20A,-28.88,1649.97,1.64,54.44,4.233
2017,20,B,CAMI,17-CAMI20B,-29.24,1210.74,-1.36,35.06,3.059
2017,20,C,CAMI,17-CAMI20C,-29.27,1178.28,-1.30,33.68,3.107
2017,23,B,CAMI,17-CAMI23B,-27.99,1323.72,0.15,42.15,3.236
2017,23,D,CAMI,17-CAMI23D,-28.03,1472.97,0.19,45.80,4.015
2017,24,B,CAMI,17-CAMI24B,-28.82,925.05,-0.47,36.85,2.204
2017,24,D,CAMI,17-CAMI24D,-29.43,1105.61,-0.96,21.41,2.535
2017,25,A,CAMI,17-CAMI25A,-29.46,971.58,-0.58,29.44,2.47
2017,25,B,CAMI,17-CAMI25B,-29.02,1171.52,-0.23,36.52,2.968
2017,25,D,CAMI,17-CAMI25D,-28.33,1515.84,-1.56,61.71,3.992
2017,1,A,POAN,17-POAN1A,-29.52,1226.16,2.17,59.86,2.854
2017,1,B,POAN,17-POAN1B,-29.39,1171.82,-2.16,59.30,2.717
2017,1,C,POAN,17-POAN1C,-29.02,1354.40,-0.94,56.88,3.08
2017,1,D,POAN,17-POAN1D,-27.86,1339.66,-1.38,49.94,3.078
2017,2,A,POAN,17-POAN2A,-29.00,1172.99,-1.67,54.07,2.605
2017,2,B,POAN,17-POAN2B,-28.60,1839.61,0.22,59.23,4.408
2017,2,C,POAN,17-POAN2C,-29.70,1432.48,0.75,54.24,3.304
2017,2,D,POAN,17-POAN2D,-28.00,1666.64,-1.83,70.33,3.778
2017,3,A,POAN,17-POAN3A,-29.23,1497.20,-0.50,56.22,3.345
2017,3,B,POAN,17-POAN3B,-28.51,1231.68,-1.06,69.14,2.739
2017,3,C,POAN,17-POAN3C,-30.18,1177.98,-0.98,59.03,2.649
2017,3,D,POAN,17-POAN3D,-28.73,1128.16,-1.34,46.59,2.496
2017,4,A,POAN,17-POAN4A,-31.13,1245.89,-0.37,69.37,2.894
2017,4,B,POAN,17-POAN4B,-28.52,1440.27,-1.13,54.77,3.189
2017,4,C,POAN,17-POAN4C,-28.63,1848.71,0.18,83.46,4.267
2017,4,D,POAN,17-POAN4D,-27.99,1407.34,-2.92,54.67,3.156
2017,5,A,POAN,17-POAN5A,-28.52,1922.68,0.48,79.67,4.439
2017,5,B,POAN,17-POAN5B,-29.05,1917.98,0.48,100.78,4.375
2017,5,C,POAN,17-POAN5C,-28.34,1936.27,0.00,96.60,4.412
2017,5,D,POAN,17-POAN5D,-28.97,1666.38,-0.93,84.12,3.713
2017,8,A,POAN,17-POAN8A,-29.06,1317.17,-2.83,65.35,2.913
2017,8,B,POAN,17-POAN8B,-29.29,978.59,-3.35,53.15,2.172
2017,8,C,POAN,17-POAN8C,-29.34,1085.64,-1.56,48.11,2.4
2017,8,D,POAN,17-POAN8D,-28.63,1108.28,-2.59,53.08,2.46
2017,11,A,POAN,17-POAN11A,-29.32,1727.99,-2.44,72.15,3.976
2017,11,B,POAN,17-POAN11B,-29.31,1216.27,-1.88,57.25,2.742
2017,11,C,POAN,17-POAN11C,-28.77,1011.99,-2.72,48.74,2.233
2017,11,D,POAN,17-POAN11D,-28.88,1280.50,-1.96,83.13,2.816
2017,12,A,POAN,17-POAN12A,-29.19,1042.47,-0.10,46.72,2.319
2017,12,B,POAN,17-POAN12B,-28.98,1099.95,-0.57,54.37,2.46
2017,12,C,POAN,17-POAN12C,-28.23,1404.26,0.09,62.70,3.125
2017,12,D,POAN,17-POAN12D,-28.73,1136.45,-0.78,46.72,2.522
2017,13,A,POAN,17-POAN13A,-28.71,1217.73,-0.72,61.38,2.796
2017,13,B,POAN,17-POAN13B,-29.24,902.56,-0.40,42.52,1.991
2017,13,C,POAN,17-POAN13C,-28.28,1492.80,-0.63,74.76,3.332
2017,13,D,POAN,17-POAN13D,-29.58,1307.74,-0.73,57.61,2.916
2017,14,A,POAN,17-POAN14A,-28.94,1344.48,0.10,48.45,3.049
2017,14,B,POAN,17-POAN14B,-28.83,1416.02,-1.49,63.53,3.096
2017,14,C,POAN,17-POAN14C,-28.95,1275.90,-1.53,55.89,2.857
2017,14,D,POAN,17-POAN14D,-28.86,1034.64,-2.13,38.41,2.257
2017,15,A,POAN,17-POAN15A,-26.80,1418.81,2.74,45.90,3.259
2017,15,B,POAN,17-POAN15B,-28.79,1509.54,-1.23,70.76,3.412
2017,15,C,POAN,17-POAN15C,-28.22,1657.65,0.78,86.23,3.76
2017,15,D,POAN,17-POAN15D,-28.20,1320.30,-1.33,64.65,3.012
2017,16,A,POAN,17-POAN16A,-29.53,1787.92,-0.28,71.19,4.113
2017,16,B,POAN,17-POAN16B,-28.22,1773.53,-1.31,93.34,4.047
2017,16,C,POAN,17-POAN16C,-29.60,1189.70,-2.10,59.20,2.588
2017,16,D,POAN,17-POAN16D,-29.40,1069.49,-1.41,45.07,2.377
2017,17,A,POAN,17-POAN17A,-30.18,1123.42,1.49,59.73,2.549
2017,17,B,POAN,17-POAN17B,-27.93,1410.70,-2.61,46.99,3.154
2017,17,C,POAN,17-POAN17C,-29.03,1194.97,2.87,31.85,2.727
2017,17,D,POAN,17-POAN17D,-28.05,1258.61,-1.78,42.98,2.797
2017,19,A,POAN,17-POAN19A,-29.13,1815.76,1.84,86.66,4.137
2017,19,B,POAN,17-POAN19B,-28.33,1544.73,-1.03,65.81,3.414
2017,19,D,POAN,17-POAN19D,-28.90,1477.66,1.47,57.78,3.359
2017,22,A,POAN,17-POAN22A,-28.49,1161.23,0.09,44.37,2.577
2018,2,A,ACMI,18-ACMI2A,-28.71,909.04,0.46,41.36,2.161
2018,2,B,ACMI,18-ACMI2B,-30.57,1079.96,-2.97,37.68,2.646
2018,2,C,ACMI,18-ACMI2C,-29.76,1186.78,1.70,66.96,2.91
2018,2,D,ACMI,18-ACMI2D,-28.26,1478.76,-2.85,81.45,4.119
2018,6,A,ACMI,18-ACM6A,-27.76,1452.77,1.77,91.20,3.55
2018,6,B,ACMI,18-ACM6B,-29.45,796.35,-2.40,25.42,1.952
2018,6,C,ACMI,18-ACM6C,-28.28,1666.11,1.35,109.79,4.171
2018,6,D,ACMI,18-ACM6D,-30.23,973.41,-2.98,40.23,2.478
2018,8,A,ACMI,18-ACMI8A,-30.09,1849.47,3.59,58.97,4.559
2018,8,B,ACMI,18-ACMI8B,-32.01,849.54,-1.97,36.98,2.002
2018,8,C,ACMI,18-ACMI8C,-31.71,1000.47,0.66,35.59,2.35
2018,8,D,ACMI,18-ACMI8D,-31.88,1022.27,-3.26,40.30,2.353
2018,9,A,ACMI,18-ACMI9A,-30.00,627.74,-0.21,23.93,1.665
2018,9,B,ACMI,18-ACMI9B,-30.37,924.74,-2.03,44.84,2.214
2018,9,C,ACMI,18-ACMI9C,-30.83,550.68,2.56,24.14,1.464
2018,9,D,ACMI,18-ACMI9D,-30.95,825.51,-1.82,33.67,2.043
2018,12,A,ACMI,18-ACMI12A,-30.36,989.24,-1.49,29.43,2.343
2018,12,B,ACMI,18-ACMI12B,-29.84,1102.93,-0.34,33.68,2.675
2018,12,C,ACMI,18-ACMI12C,-30.86,1307.45,3.34,41.29,3.238
2018,12,D,ACMI,18-ACMI12D,-29.37,890.51,-1.95,32.55,2.166
2018,13,A,ACMI,18-ACMI13A,-29.49,1234.87,-0.70,61.71,3.044
2018,13,B,ACMI,18-ACMI13B,-29.83,1486.48,1.22,61.38,3.654
2018,13,C,ACMI,18-ACMI13C,-29.60,925.05,0.67,48.98,2.176
2018,13,D,ACMI,18-ACMI13D,-29.58,1331.41,-1.36,53.24,3.213
2018,16,A,ACMI,18-ACMI16A,-29.32,855.31,4.67,34.54,2.191
2018,16,B,ACMI,18-ACMI16B,-29.28,796.68,-3.78,34.47,1.987
2018,16,C,ACMI,18-ACMI16C,-30.46,943.80,4.55,43.55,2.263
2018,16,D,ACMI,18-ACMI16D,-28.76,987.60,-2.53,46.91,2.469
2018,18,A,ACMI,18-ACMI18A,-30.26,1442.05,3.68,56.21,3.519
2018,18,B,ACMI,18-ACMI18B,-30.81,948.95,-0.73,43.99,2.356
2018,18,C,ACMI,18-ACMI18C,-29.51,1715.40,2.66,100.93,4.357
2018,18,D,ACMI,18-ACMI18D,-29.66,1518.13,-0.75,82.90,3.774
2018,20,A,ACMI,18-ACMI20A,-30.22,1511.26,-0.11,40.57,3.863
2018,20,B,ACMI,18-ACMI20B,-28.83,1217.18,-3.06,53.24,3.069
2018,20,C,ACMI,18-ACMI20C,-30.25,1538.42,0.16,42.85,3.961
2018,20,D,ACMI,18-ACMI20D,-29.41,1239.46,-3.34,40.98,3.147
2018,21,A,ACMI,18-ACMI21A,-31.72,1010.14,1.72,44.98,2.454
2018,21,B,ACMI,18-ACMI21B,-30.35,1548.54,-0.96,37.41,4.053
2018,21,C,ACMI,18-ACMI21C,-30.87,1205.57,4.46,49.96,2.921
2018,21,D,ACMI,18-ACMI21D,-30.72,986.40,0.29,32.30,2.544
2018,2,A,ASSU,18-ASSU2A,-28.24,946.23,1.01,47.52,2.303
2018,2,B,ASSU,18-ASSU2B,-27.20,1590.43,0.52,96.13,3.683
2018,2,C,ASSU,18-ASSU2C,-27.82,1478.15,4.49,93.00,3.234
2018,2,D,ASSU,18-ASSU2D,-28.12,1205.57,-2.21,42.79,2.813
2018,4,A,ASSU,18-ASSU4A,-28.80,1537.60,0.60,71.24,3.6
2018,4,B,ASSU,18-ASSU4B,-30.42,1104.50,-0.34,54.26,3.009
2018,4,C,ASSU,18-ASSU4C,-28.98,1244.08,-1.22,65.23,2.948
2018,4,D,ASSU,18-ASSU4D,-28.43,1123.38,-2.78,52.89,2.525
2018,6,A,ASSU,18-ASSU6A,-28.63,1043.94,-0.62,55.32,2.502
2018,6,B,ASSU,18-ASSU6B,-28.07,1286.64,-1.75,60.91,2.959
2018,6,C,ASSU,18-ASSU6C,-29.55,919.82,1.79,50.63,2.206
2018,6,D,ASSU,18-ASSU6D,-27.85,1462.07,-1.86,89.52,3.416
2018,8,A,ASSU,18-ASSU8A,-28.96,1946.71,-2.43,80.12,4.574
2018,8,B,ASSU,18-ASSU8B,-30.58,1068.65,-3.28,46.98,2.63
2018,8,C,ASSU,18-ASSU8C,-30.49,1562.18,1.74,67.38,3.685
2018,8,D,ASSU,18-ASSU8D,-30.12,1328.03,-2.37,70.25,3.256
2018,10,A,ASSU,18-ASSU10A,-29.14,1449.57,-1.23,72.56,3.368
2018,10,B,ASSU,18-ASSU10B,-28.99,1307.23,-2.86,58.48,3.503
2018,10,C,ASSU,18-ASSU10C,-29.17,1274.59,3.08,57.49,3.013
2018,10,D,ASSU,18-ASSU10D,-30.27,1164.18,-2.58,52.13,2.82
2018,11,A,ASSU,18-ASSU11A,-29.62,1019.43,4.23,42.72,2.483
2018,11,B,ASSU,18-ASSU11B,-28.80,1319.20,-0.05,52.48,3.116
2018,11,C,ASSU,18-ASSU11C,-28.38,1365.45,-3.82,65.49,3.305
2018,11,D,ASSU,18-ASSU11D,-28.34,1414.39,-1.24,95.28,3.409
2018,14,A,ASSU,18-ASSU14A,-28.19,1092.67,1.62,52.61,2.535
2018,14,B,ASSU,18-ASSU14B,-27.93,1168.86,-2.26,71.18,2.764
2018,14,C,ASSU,18-ASSU14C,-29.85,1438.14,2.08,74.30,3.678
2018,14,D,ASSU,18-ASSU14D,-27.92,1802.09,-2.37,97.27,4.172
2018,16,A,ASSU,18-ASSU16A,-28.06,1669.47,3.62,71.85,4.122
2018,16,B,ASSU,18-ASSU16B,-26.99,1790.40,-1.39,82.93,4.294
2018,16,C,ASSU,18-ASSU16C,-28.68,1117.78,5.45,53.69,2.655
2018,16,D,ASSU,18-ASSU16D,-28.44,1493.63,-1.62,85.33,3.619
2018,18,A,ASSU,18-ASSU18A,-29.08,1779.72,0.85,86.21,4.292
2018,18,B,ASSU,18-ASSU18B,-28.68,1303.80,-1.08,59.21,3.166
2018,18,C,ASSU,18-ASSU18C,-30.15,1087.93,-0.46,63.28,2.681
2018,18,D,ASSU,18-ASSU18D,-29.73,1248.70,-0.58,53.02,2.966
2018,20,A,ASSU,18-ASSU20A,-26.85,1564.63,-0.13,67.64,3.716
2018,20,B,ASSU,18-ASSU20B,-27.58,1606.12,-1.72,70.31,3.876
2018,20,C,ASSU,18-ASSU20C,-27.41,1649.96,4.88,92.41,4.06
2018,20,D,ASSU,18-ASSU20D,-26.81,1164.76,-0.49,57.45,2.758
2018,1,D,CAMI,18-CAMI1D,-27.31,1778.94,-0.09,50.12,4.448
2018,2,B,CAMI,18-CAMI2B,-28.96,1423.07,0.07,74.82,3.46
2018,5,B,CAMI,18-CAMI5B,-28.89,1376.45,-0.46,65.97,3.675
2018,6,C,CAMI,18-CAMI6C,-28.31,819.58,0.37,47.64,2.179
2018,10,A,CAMI,18-CAMI10A,-31.43,1277.18,-0.15,52.61,3.52
2018,12,B,CAMI,18-CAMI12B,-28.69,1506.03,0.14,51.43,4.292
2018,12,C,CAMI,18-CAMI12C,-27.71,1226.16,1.55,38.26,3.549
2018,12,D,CAMI,18-CAMI12D,-30.15,1129.85,-0.65,41.14,3.347
2018,14,A,CAMI,18-CAMI14A,-29.14,1073.70,1.04,37.22,2.781
2017,22,B,POAN,17-POAN22B,-29.63,955.92,1.51,49.93,2.131
2017,22,C,POAN,17-POAN22C,-29.10,1738.87,2.21,82.83,4.101
2017,22,D,POAN,17-POAN22D,-29.31,1108.64,-0.34,45.17,2.459
2018,14,B,CAMI,18-CAMI14B,-29.90,1248.18,-2.02,66.98,3.718
2018,14,C,CAMI,18-CAMI14C,-27.94,1389.30,-1.85,42.71,3.718
2018,14,D,CAMI,18-CAMI14D,-29.06,1287.80,-1.59,38.96,3.851
2018,15,A,CAMI,18-CAMI15A,-30.37,815.16,0.70,49.63,2.41
2018,15,B,CAMI,18-CAMI15B,-28.53,740.11,-0.73,28.88,2.034
2018,15,C,CAMI,18-CAMI15C,-28.16,1558.68,1.63,55.58,4.02
2018,15,D,CAMI,18-CAMI15D,-29.28,1557.83,-0.64,49.25,4.425
2018,16,A,CAMI,18-CAMI16A,-26.95,999.54,3.05,30.65,3.128
2018,16,B,CAMI,18-CAMI16B,-30.29,659.99,-1.31,13.51,1.746
2018,16,C,CAMI,18-CAMI16C,-27.89,898.79,4.90,35.14,2.454
2018,16,D,CAMI,18-CAMI16D,-26.01,1688.49,-1.11,63.42,4.294
2018,20,A,CAMI,18-CAMI20A,-29.39,1453.45,0.19,53.27,3.956
2018,20,B,CAMI,18-CAMI20B,-28.75,1270.81,-1.39,50.38,3.394
2018,20,C,CAMI,18-CAMI20C,-29.51,936.48,-0.07,48.10,2.506
2018,23,B,CAMI,18-CAMI23B,-27.17,1575.32,0.39,64.50,4.146
2018,23,D,CAMI,18-CAMI23D,-28.27,1392.48,-0.11,55.99,4.367
2018,24,B,CAMI,18-CAMI24B,-29.23,1361.52,-1.24,48.51,3.875
2018,24,D,CAMI,18-CAMI24D,-29.05,1159.41,-1.73,33.57,3.029
2018,25,B,CAMI,18-CAMI25B,-30.80,1240.82,-2.18,32.64,3.692
2018,25,C,CAMI,18-CAMI25C,-28.93,1221.06,0.12,52.55,3.447
2018,2,A,POAN,18-POAN2A,-29.30,1519.61,0.20,64.64,3.409
2018,2,B,POAN,18-POAN2B,-29.85,1852.56,0.53,82.53,3.848
2018,2,C,POAN,18-POAN2C,-30.34,1180.21,1.11,39.54,2.717
2018,2,D,POAN,18-POAN2D,-28.73,1760.20,-0.86,71.68,4.042
2018,4,A,POAN,18-POAN4A,-28.63,1782.93,1.27,77.43,3.959
2018,4,B,POAN,18-POAN4B,-29.23,1851.48,-0.56,90.12,4.123
2018,4,C,POAN,18-POAN4C,-28.72,1562.35,1.66,74.90,3.605
2018,4,D,POAN,18-POAN4D,-27.84,1075.65,-2.64,53.95,2.396
2018,6,A,POAN,18-POAN6A,-29.31,1516.49,0.14,76.79,3.372
2018,6,B,POAN,18-POAN6B,-30.30,1618.85,-0.63,71.11,3.616
2018,6,C,POAN,18-POAN6C,-28.29,1490.88,1.84,92.17,3.362
2018,6,D,POAN,18-POAN6D,-28.20,993.77,-0.81,46.46,2.166
2018,8,A,POAN,18-POAN8A,-29.84,1353.98,-2.06,58.13,2.965
2018,8,B,POAN,18-POAN8B,-29.04,1081.36,-2.19,53.71,2.412
2018,8,C,POAN,18-POAN8C,-29.01,1568.27,0.85,81.72,3.547
2018,8,D,POAN,18-POAN8D,-29.80,1013.79,-2.23,41.90,2.255
2018,10,A,POAN,18-POAN10A,-29.76,1134.07,0.91,62.84,2.561
2018,10,B,POAN,18-POAN10B,-29.38,1800.68,-2.69,66.23,4.062
2018,10,C,POAN,18-POAN10C,-29.65,1450.30,0.90,66.57,3.29
2018,10,D,POAN,18-POAN10D,-29.58,1297.75,-2.76,57.45,2.902
2018,12,A,POAN,18-POAN12A,-28.03,1921.20,0.66,102.56,4.209
2018,12,B,POAN,18-POAN12B,-29.34,1786.48,-0.54,74.56,3.944
2018,12,C,POAN,18-POAN12C,-28.08,1823.27,1.97,98.90,3.992
2018,12,D,POAN,18-POAN12D,-29.36,1571.94,-0.44,72.53,3.523
2018,14,A,POAN,18-POAN14A,-29.55,1777.18,1.28,91.90,4.01
2018,14,B,POAN,18-POAN14B,-28.71,1419.86,-1.41,81.65,3.146
2018,14,C,POAN,18-POAN14C,-29.27,1646.23,1.50,80.88,3.633
2018,14,D,POAN,18-POAN14D,-28.05,1036.78,-1.30,56.94,2.242
2018,16,A,POAN,18-POAN16A,-29.59,1603.15,2.69,66.61,3.556
2018,16,B,POAN,18-POAN16B,-29.21,1652.36,-1.60,77.36,3.658
2018,16,C,POAN,18-POAN16C,-28.33,1778.00,-0.61,107.99,3.855
2018,16,D,POAN,18-POAN16D,-28.80,1700.13,-0.30,106.68,3.814
2018,18,A,POAN,18-POAN18A,-29.34,1431.94,0.32,66.64,3.294
2018,18,B,POAN,18-POAN18B,-30.36,1763.49,0.57,61.89,4.169
2018,18,C,POAN,18-POAN18C,-28.78,1054.58,0.62,60.03,2.402
2018,18,D,POAN,18-POAN18D,-29.55,1618.57,-0.47,81.42,3.799
2018,20,A,POAN,18-POAN20A,-28.63,1188.81,-0.12,55.88,2.619
2018,20,B,POAN,18-POAN20B,-27.14,1253.77,0.23,102.35,2.764
2018,20,C,POAN,18-POAN20C,-28.38,1433.38,0.90,72.60,3.134
2018,20,D,POAN,18-POAN20D,-28.39,1694.87,-0.02,95.50,3.721